{
    "level": 4,
    "thresholdsLevels": [
        5,
        10
    ],
    "lotData": [
        {
            "isOpen": true,
            "name": "Main Commuter Lot",
            "spaces": 150
        },
        {
            "isOpen": false,
            "name": "Garaventa Lot",
            "spaces": 40
        },
        {
            "isOpen": true,
            "name": "asd",
            "spaces": 123
        },
        {
            "name": "Test Lot",
            "spaces": 4545,
            "isOpen": true
        }
    ],
    "historyData": [
        {
            "time": "3:00",
            "value": 80
        },
        {
            "time": "4:00",
            "value": 99
        },
        {
            "time": "5:00",
            "value": 43
        },
        {
            "time": "11:32",
            "value": 5
        },
        {
            "time": "11:32",
            "value": 8
        },
        {
            "time": "01:34",
            "value": 3
        },
        {
            "time": "01:43",
            "value": 5
        },
        {
            "time": "01:43",
            "value": 7
        },
        {
            "time": "01:43",
            "value": 8
        },
        {
            "time": "01:44",
            "value": 4
        },
        {
            "time": "01:52",
            "value": 8
        },
        {
            "time": "02:15",
            "value": 4
        }
    ]
}